Металл,Лиганд,"m (соли), г","m(кис-ты), г","Vсин. (р-ля), мл",Tsyn_Category,Tdry_Category,Treg_Category
Cu,BTC,2.4364715,1.3893928173159766,43.250027,Средняя (115-135°C),Средняя (115-135°C),Средняя (155-265°C)
La,BTC,2.2678046,1.9398163507792576,38.674263,Средняя (115-135°C),Средняя (115-135°C),Средняя (155-265°C)
La,BTC,2.6264973,2.2466319612235077,40.748203,Средняя (115-135°C),Средняя (115-135°C),Средняя (155-265°C)
La,BTC,2.2678077,1.939819001954449,43.1022,Средняя (115-135°C),Средняя (115-135°C),Средняя (155-265°C)
La,BTC,2.2678046,1.9398163507792576,42.452423,Средняя (115-135°C),Средняя (115-135°C),Средняя (155-265°C)
